id,url,access_date,source_type,supports,evidence_quality,limitations
S01,https://themindstudios.com/blog/top-software-development-companies-in-saudi-arabia/,2026-10-07,vendor blog,Companies named as leading in Riyadh,low,Vendor-authored list; page not opened
S02,https://new.perfectiongeeks.com/blogs/top-software-development-companies-riyadh,2026-10-07,vendor blog,"Companies named in Riyadh (Apptunix, Suffescom, PerfectionGeeks)",low,Vendor-authored; snippet only
S03,https://www.imarcgroup.com/report/en/saudi-arabia-mobile-app-development-market,2026-10-07,market report summary,Saudi mobile app market USD 2.2B (2025) to USD 5.8B (2034),medium,Snippet of a paid report; definition differs from S04
S04,https://connect.usama.dev/blogs/51525/Saudi-Arabia-Software-as-a-Service-SaaS-Market-2030-Size,2026-10-07,blog citing TechSci,Saudi SaaS market USD 2.86B (2024) to 6.49B (2030),low,Secondary blog; underlying report not opened
S05,https://www.statista.com/outlook/tmo/software/enterprise-software/saudi-arabia,2026-10-07,market database,Enterprise software projection and Vision 2030 driver,low,Older projection; narrower definition
S06,https://www.cubix.co/ae/blog/how-much-does-mobile-app-development-cost-in-dubai/,2026-10-07,vendor blog,Dubai app cost range AED 25k to 500k+,low,Agency marketing; snippet only
S07,https://www.netguru.com/blog/mobile-development-cost-dubai-uae,2026-10-07,vendor blog,"Dubai app cost by provider type (AED 25-45k freelancer, 45-90k boutique, 70-120k large)",low,Agency marketing; snippet only
S08,https://www.apptunix.com/blog/software-development-cost-in-dubai/,2026-10-07,vendor blog,"Enterprise ERP/CRM USD 40k-150k+, SaaS USD 25k-100k+",low,Vendor estimate
S09,https://globaltaxnews.ey.com/news/2026-1705-saudi-arabia-announces-25th-wave-of-phase-2-e-invoicing-integration,2026-10-07,professional services news,ZATCA Phase 2 wave 25 starts 1 Feb 2027,medium,Snippet; check ZATCA for thresholds
S10,https://www.trade.gov/market-intelligence/saudi-arabia-ict-cross-border-data-transfer-rules-now-under-enforcement,2026-10-07,government trade office,Saudi cross-border personal data transfer rules under enforcement,medium,Snippet; PDPL text not opened
S11,https://logestechs.com/best-delivery-software-in-saudi-arabia/,2026-10-07,competitor site (snippet),"LogesTechs features: zones, National Address, VAT, integrations",low,Direct fetch blocked (EGRESS_BLOCKED); snippet via search only; company claims
S12,https://shipsy.io/blogs/last-mile-delivery-software-in-saudi-arabia/,2026-10-07,competitor site (snippet),Shipsy last-mile features and claimed 14% cost reduction,low,Direct fetch blocked; snippet only; vendor claims
S13,https://www.upu.int/en/news/consultative-committee/members/shipsy,2026-10-07,industry body page,"Shipsy works with postal and parcel carriers (Saudi Post, Aramex, others)",medium,Snippet; membership page
S14,https://zoftwarehub.com/en-ae/products/logestechs/overview,2026-10-07,software directory,"LogesTechs pricing model custom, per user per month; no figures",low,Directory listing
S15,https://www.creolestudios.com/ksa/?p=7713,2026-10-07,competitor site (snippet),Creole Saudi app cost SAR 30k to 1.5M+ (guide) vs SAR 25k-150k+ (FAQ),low,Direct fetch blocked; internally inconsistent
S16,https://www.apptunix.com/blog/app-development-cost-in-saudi-arabia/,2026-10-07,competitor site (snippet),"Apptunix Saudi app cost SAR 30k-200k+, durations",low,Direct fetch blocked; vendor blog
S17,https://clutch.co/go-to-review/apptunix/1071,2026-10-07,review platform,"Apptunix project range USD 10k-500k, rate USD 25-49/hr, one review citing delays",medium,Snippet; reviews are one source
S18,https://riseuplabs.com/mobile-app-development-cost-in-saudi-arabia/,2026-10-07,vendor blog,"Saudi app cost tiers 35k-70k, 70k-170k, 170k-300k+ SAR",low,Vendor estimate
S19,https://www.sortlist.co.uk/agency/robusta-studio,2026-10-08,agency directory,"Robusta: Cairo, 2012, e-commerce focus, claimed clients",low,Direct fetch failed (ENOTFOUND); snippet only; self-reported
S20,https://www.goodfirms.co/company/robusta-studio,2026-10-08,agency directory,"Robusta rate USD 100-149/hr, min project USD 5,000",low,"Snippet; directory figure, no official price"
S21,https://www.designrush.com/agency/profile/espace,2026-10-08,agency directory,"eSpace: Alexandria, scalable web and mobile apps",low,Unclaimed profile; snippet
S22,https://themanifest.com/company/espace-software-development,2026-10-08,agency directory,"eSpace mobile app focus, three named projects",low,Snippet; key clients not added by the company
S23,https://elioplus.com/profiles/channel-partners/204565/nexa,2026-10-08,partner directory,"URL ends in nexa but page is Digital Economics LLC (Odoo partner), not NEXA",low,Not the company asked about; no NEXA agency found
S24,https://www.designrush.com/agency/software-development/eg,2026-10-08,agency directory,"Egyptian agencies listed with hourly rates (Quriv about USD 100, Mobirevo about USD 200)",low,Snippet; sponsored listings possible
S25,https://news.outsourceaccelerator.com/egypt-outsourcing-exports-2026/,2026-10-08,trade news,Egypt outsourcing exports USD 5.14-5.2B in 2025,low,Aggregator citing government statements
S26,https://english.ahram.org.eg/News/556726.aspx,2026-10-08,news,"Egypt digital offshoring exports USD 4.8B (interim, Nov 2025)",medium,Snippet
S27,https://meatechwatch.com/2026/06/02/egypt-targets-6-billion-in-outsourcing-exports-in-2026-as-digital-services-sector-expands/,2026-10-08,trade news,Target USD 6B exports in 2026,low,"Target, not result"
S28,https://hrmars.com/papers_submitted/26402/digital-transformation-and-competitiveness-of-smes-in-the-uae-a-review-paper-on-challenges-and-strategic-responses.pdf,2026-10-08,journal paper,UAE SMEs over 94% of businesses; constraints to digital adoption,medium,Snippet of a review paper
S29,https://www.marketsandmarkets.com/Market-Reports/geography/saas-management-market/UAE,2026-10-08,market report summary,UAE SaaS management market USD 136.4M (2025) to 295.9M (2030),low,Snippet; conflicts with other estimates
S30,https://www.clydeco.com/en/insights/2023/01/saudi-arabia-regional-headquarters-programme,2026-10-08,law firm article,RHQ rule: government entities barred from contracting with non-RHQ foreign firms from 2024,medium,Snippet; no software-specific source
S31,https://enterpriseam.com/ksa/2026/02/24/hq-rule-gets-a-pressure-valve-as-saudi-opens-door-to-strategic-exemptions/,2026-10-08,trade press,Feb 2026 exemption process via Etimad; RHQ preference remains,medium,Snippet
S32,https://www.apptunix.com/blog/hire-software-developers-in-saudi-arabia/,2026-10-08,vendor blog,Saudi freelance developer SAR 80-180/hr; mid SAR 180-300,low,Vendor blog with interest in higher estimates
S33,https://riseuplabs.com/how-to-hire-mobile-app-developers-in-saudi-arabia/,2026-10-08,vendor blog,Saudi freelancer rate SAR 100-250/hr; app totals,low,Vendor blog
S34,https://odoo-erp.sendantech.com,2026-10-08,partner site (snippet),"Riyadh Odoo partner packs: USD 2,700 for 30 hours; ZATCA services advertised",low,Snippet; ZATCA inclusion in price unclear
S35,https://silentinfotech.com/blog/odoo-1/odoo-implementation-cost-uae-saudi-arabia-2026-468,2026-10-08,vendor blog,"Gulf example: AED 25k vs AED 140k quotes, higher one with ZATCA Phase 2",low,Directional only
S36,https://khamsat.com/marketing/social-media-management/3078406-%D8%A5%D8%AF%D8%A7%D8%B1%D8%A9-%D8%AD%D8%B3%D8%A7%D8%A8%D8%A7%D8%AA-%D8%A7%D9%84%D8%AA%D9%88%D8%A7%D8%B5%D9%84-%D8%A7%D9%84%D8%A3%D8%AC%D8%AA%D9%85%D8%A7%D8%B9%D9%8A-%D8%A8%D8%A3%D8%AD%D8%AA%D8%B1%D8%A7%D9%81%D9%8A%D8%A9,2026-10-08,freelance marketplace listing,Social account management USD 100/month per account (one listing),low,Single freelancer listing; not an agency rate card
S37,https://www.jobbers.io/service/1531/remote/digital-marketing-social-media-management-complete-strategy-in-1-2-weeks,2026-10-08,freelance marketplace listing,Marketing strategy USD 350-500,low,Single listing
S38,https://devtechnosys.com/insights/web-development-cost/egypt/,2026-10-08,vendor blog,Egypt website cost EGP 380k-1.19M estimate,low,Vendor estimate; conflicts with EGP 700 classified listing
S39,https://daftra.com/en/egy-electronic-invoice,2026-10-08,vendor site (snippet),Egyptian accounting product with ETA e-invoice integration,low,Vendor claim
S40,https://www.zawya.com/en/press-release/companies-news/odoo-middle-east-to-support-mandatory-e-invoicing-in-egypt-n1md7zkz,2026-10-08,press release,Odoo Middle East supports Egyptian mandatory e-invoicing,low,Vendor press release
S41,https://www.wafeq.com/en-eg/tax-and-reporting/electronic-invoice-system,2026-10-08,vendor site (snippet),Egypt e-invoicing is mandatory under Ministerial Decree 554 of 2021,low,Vendor blog; thresholds and phases not found
S42,https://eg.opensooq.com/ar/search/281297508,2026-10-08,classifieds listing,Egypt company website listing at EGP 700,low,Single classified ad
S43,"repo://rumuze (rumuzePMO, rveta.com, rveta-delivery-app, wasal-delivery-platform, chix, bussatyapp, core, connector-app, sms-forwarder, rumuze-agency-workspace)",2026-10-07,internal repository READMEs,What Rumuze has built and documented,"high for capability, none for usage",Read through the GitHub API; README text only; code not reviewed
B01,https://www.creolestudios.com/ksa/ar/,2026-10-07,blocked access,Direct fetch of competitor site,none,EGRESS_BLOCKED by network proxy; not bypassed
B02,https://www.apptunix.com/software-development-company-riyadh-saudi-arabia/,2026-10-07,blocked access,Direct fetch of competitor site,none,EGRESS_BLOCKED; not bypassed
B03,https://logestechs.com/best-delivery-software-in-saudi-arabia/,2026-10-08,blocked access,Direct fetch of competitor site,none,EGRESS_BLOCKED; not bypassed
B04,https://shipsy.io/blogs/last-mile-delivery-software-in-saudi-arabia/,2026-10-07,blocked access,Direct fetch of competitor site,none,EGRESS_BLOCKED; not bypassed
B05,https://robusta.studio,2026-10-08,failed access,Direct fetch of competitor site,none,ENOTFOUND (name did not resolve); domain may differ
B06,https://espace.com.eg,2026-10-08,failed access,Direct fetch of competitor site,none,ENOTFOUND; domain may differ
